{
  "config": {
    "data_file": "data/BTCUSDT_1h.parquet",
    "filters": {
      "max_drawdown": 0.4,
      "min_return": 0.05,
      "min_sharpe": 0.0,
      "min_trades": 10,
      "min_win_rate": 0.45
    },
    "score_weights": [
      0.3,
      0.2,
      0.2,
      0.15,
      0.15
    ],
    "strategies_generated": 50000,
    "top_n": 100
  },
  "summary": {
    "passed_filters": 2,
    "top_selected": 2,
    "total_backtested": 50000
  },
  "top_strategies": [
    {
      "metrics": {
        "annualized_return": 0.2733020290364947,
        "average_losing_trade_duration_ms": 7200000.0,
        "average_loss": 41.07893426618146,
        "average_trade_duration_ms": 48900000.0,
        "average_win": 72.2143754147739,
        "average_winning_trade_duration_ms": 62800000.0,
        "calmar_ratio": 24.88886727291261,
        "end_of_data_exits": 0,
        "entry_signals_count": 27,
        "expectancy": 43.89104799453506,
        "largest_loss": 85.04075198284667,
        "largest_win": 151.21202570901156,
        "losing_trades": 3,
        "max_consecutive_losses": 1,
        "max_consecutive_wins": 6,
        "max_drawdown": 0.010980894632112827,
        "max_drawdown_duration": 6,
        "max_drawdown_percent": 0.010980894632112827,
        "profit_factor": 5.27382538311552,
        "recovery_factor": 5.918728851402452,
        "return_on_risk": 0.008467823767006215,
        "sharpe_ratio": 0.5165538061043804,
        "signal_exits": 9,
        "sortino_ratio": 1.3299895783066789,
        "stop_loss_exits": 0,
        "take_profit_exits": 3,
        "total_loss": 123.23680279854439,
        "total_profit": 649.9293787329651,
        "total_return": 0.05266925759344207,
        "total_trades": 12,
        "trades_per_month": 4.642665233745298,
        "trades_per_year": 56.48576034390112,
        "var_95": 0.008010669168812925,
        "win_rate": 0.75,
        "winning_trades": 9
      },
      "rank": 1,
      "score": 0.7825440744978537,
      "strategy": {
        "entry_rules": {
          "conditions": [
            {
              "comparison": "LessThan",
              "indicator": {
                "name": "ema",
                "params": [
                  158.0
                ]
              },
              "value": "Price"
            },
            {
              "comparison": "GreaterThan",
              "indicator": {
                "name": "ema",
                "params": [
                  167.0
                ]
              },
              "value": "Price"
            }
          ],
          "operator": "And"
        },
        "exit_rules": {
          "conditions": [
            {
              "comparison": "CrossesAbove",
              "indicator": {
                "name": "ema",
                "params": [
                  23.0
                ]
              },
              "value": "Price"
            }
          ],
          "operator": "Or"
        },
        "name": "Strategy_20496",
        "timeframe": "H1"
      },
      "strategy_name": "Strategy_20496",
      "total_trades": 12
    },
    {
      "metrics": {
        "annualized_return": 0.3073553693749551,
        "average_losing_trade_duration_ms": 33600000.0,
        "average_loss": 106.64530696007216,
        "average_trade_duration_ms": 32400000.0,
        "average_win": 146.11316184801595,
        "average_winning_trade_duration_ms": 31500000.0,
        "calmar_ratio": 9.91302763920721,
        "end_of_data_exits": 0,
        "entry_signals_count": 42,
        "expectancy": 37.78810378740675,
        "largest_loss": 108.77652710676158,
        "largest_win": 149.39749301662036,
        "losing_trades": 6,
        "max_consecutive_losses": 3,
        "max_consecutive_wins": 4,
        "max_drawdown": 0.03100519645071178,
        "max_drawdown_duration": 5,
        "max_drawdown_percent": 0.03100519645071178,
        "profit_factor": 1.8267803308365675,
        "recovery_factor": 3.7700302807057144,
        "return_on_risk": 0.007467166301254107,
        "sharpe_ratio": 0.4014730656916006,
        "signal_exits": 0,
        "sortino_ratio": 0.7497435316656728,
        "stop_loss_exits": 6,
        "take_profit_exits": 8,
        "total_loss": 639.871841760433,
        "total_profit": 1168.9052947841276,
        "total_return": 0.052903345302369474,
        "total_trades": 14,
        "trades_per_month": 5.98219584569733,
        "trades_per_year": 72.78338278931751,
        "var_95": 0.010484699396671153,
        "win_rate": 0.5714285714285714,
        "winning_trades": 8
      },
      "rank": 2,
      "score": 0.6149858411736874,
      "strategy": {
        "entry_rules": {
          "conditions": [
            {
              "comparison": "LessThan",
              "indicator": {
                "name": "mfi",
                "params": [
                  63.0
                ]
              },
              "value": {
                "Number": 29.547309959437857
              }
            }
          ],
          "operator": "And"
        },
        "exit_rules": {
          "conditions": [
            {
              "comparison": "LessThan",
              "indicator": {
                "name": "wma",
                "params": [
                  173.0
                ]
              },
              "value": "Price"
            }
          ],
          "operator": "Or"
        },
        "name": "Strategy_30143",
        "timeframe": "H1"
      },
      "strategy_name": "Strategy_30143",
      "total_trades": 14
    }
  ]
}